tx_hash,from_address,to_address,value,timestamp,block_number,fee
7a4a01d9cead20bd,0xVICTIM0000000000000000000000000000A1,0xBURNER_0000A1,13885.54,2026-06-01T08:00:00,1000001,0.0
78dbd87c9638f70c,0xEXCHANGE_KRAKENISH_HOT1,0xBURNER_H_HOT1,13867.59,2026-06-01T08:00:00,1000001,0.0
01906e0deffe1e80,0xPEER_0000A1,0xBURNER_0000A1,12449.87,2026-06-01T08:00:00,1000001,0.0
2c13257fa5a43f01,0xINTER1_0000A1,0xBURNER_0000A1,9029.84,2026-06-01T08:00:00,1000001,0.0
75340a80c5ea9e01,0xINTER3_0000A1,0xBURNER_0000A1,19199.44,2026-06-01T08:00:00,1000001,0.0
32249b8b0b6f180a,0xINTER2_0000A1,0xBURNER_0000A1,19725.31,2026-06-01T08:00:00,1000001,0.0
662da3cd86f8a19b,0xBURNER_0000A1,0xBURNER_0000A1,18323.16,2026-06-01T08:00:00,1000001,0.0
65fb9c5b1083b630,0xINTER2_H_HOT1,0xBURNER_H_HOT1,16571.07,2026-06-01T08:00:00,1000001,0.0
c864c04db4b7d2b5,0xINTER3_H_HOT1,0xBURNER_H_HOT1,8216.98,2026-06-01T08:00:00,1000001,0.0
66f0f96cd7a12aef,0xPEER_H_HOT1,0xBURNER_H_HOT1,15704.24,2026-06-01T08:00:00,1000001,0.0
ae93eace869e3748,0xBURNER_H_HOT1,0xBURNER_H_HOT1,16378.98,2026-06-01T08:00:00,1000001,0.0
3327fa6a209d945c,0xINTER1_H_HOT1,0xBURNER_H_HOT1,13266.28,2026-06-01T08:00:00,1000001,0.0
4f9d52bf1cd2ae41,0xVICTIM0000000000000000000000000000A1,0xBURNER_0000A1,2082.83,2026-06-01T08:04:00,1000002,0.0
e2e6fe2b729e8ff0,0xEXCHANGE_KRAKENISH_HOT1,0xBURNER_H_HOT1,2080.14,2026-06-01T08:04:00,1000002,0.0
703c6db8806511a1,0xPEER_0000A1,0xBURNER_0000A1,1867.48,2026-06-01T08:04:00,1000002,0.0
cc835ee737a56031,0xINTER1_0000A1,0xBURNER_0000A1,1354.48,2026-06-01T08:04:00,1000002,0.0
d11355b58c529d92,0xINTER3_0000A1,0xBURNER_0000A1,2879.92,2026-06-01T08:04:00,1000002,0.0
401b578edddda17d,0xINTER2_0000A1,0xBURNER_0000A1,2958.8,2026-06-01T08:04:00,1000002,0.0
1e248eb8333657c3,0xBURNER_0000A1,0xBURNER_0000A1,2748.47,2026-06-01T08:04:00,1000002,0.0
ffca7dcd79a61827,0xINTER2_H_HOT1,0xBURNER_H_HOT1,2485.66,2026-06-01T08:04:00,1000002,0.0
7c30ab0ab5c66630,0xINTER3_H_HOT1,0xBURNER_H_HOT1,1232.55,2026-06-01T08:04:00,1000002,0.0
1cda7d13de93287e,0xPEER_H_HOT1,0xBURNER_H_HOT1,2355.64,2026-06-01T08:04:00,1000002,0.0
0accfb6fea00cd7a,0xBURNER_H_HOT1,0xBURNER_H_HOT1,2456.85,2026-06-01T08:04:00,1000002,0.0
69d96c91c16dda8a,0xINTER1_H_HOT1,0xBURNER_H_HOT1,1989.94,2026-06-01T08:04:00,1000002,0.0
7d4c15601802d59c,0xBURNER_0000A1,0xINTER1_0000A1,7637.05,2026-06-01T08:09:00,1000003,0.0
c33436ec896632e7,0xBURNER_H_HOT1,0xINTER1_H_HOT1,7627.17,2026-06-01T08:09:00,1000003,0.0
a149563880047b15,0xBURNER_0000A1,0xINTER1_0000A1,6847.43,2026-06-01T08:09:00,1000003,0.0
d5a428d37c45750b,0xBURNER_0000A1,0xINTER1_0000A1,4966.41,2026-06-01T08:09:00,1000003,0.0
ff55c0ff3f8db532,0xBURNER_0000A1,0xINTER1_0000A1,10559.69,2026-06-01T08:09:00,1000003,0.0
baf2a19131e52d1b,0xBURNER_0000A1,0xINTER1_0000A1,10848.92,2026-06-01T08:09:00,1000003,0.0
6cef20434f7fa609,0xBURNER_0000A1,0xINTER1_0000A1,10077.74,2026-06-01T08:09:00,1000003,0.0
d473e5f04cf0d0d1,0xBURNER_H_HOT1,0xINTER1_H_HOT1,9114.09,2026-06-01T08:09:00,1000003,0.0
c25fa67953d4f935,0xBURNER_H_HOT1,0xINTER1_H_HOT1,4519.34,2026-06-01T08:09:00,1000003,0.0
90099235022dbb17,0xBURNER_H_HOT1,0xINTER1_H_HOT1,8637.33,2026-06-01T08:09:00,1000003,0.0
36150e3608a46169,0xBURNER_H_HOT1,0xINTER1_H_HOT1,9008.44,2026-06-01T08:09:00,1000003,0.0
9bf5c88a594d97a1,0xBURNER_H_HOT1,0xINTER1_H_HOT1,7296.45,2026-06-01T08:09:00,1000003,0.0
12b00e66d381cc3a,0xBURNER_0000A1,0xINTER2_0000A1,6248.49,2026-06-01T08:11:00,1000004,0.0
a52509d8d69ef230,0xBURNER_H_HOT1,0xINTER2_H_HOT1,6240.42,2026-06-01T08:11:00,1000004,0.0
f2123346845f0db0,0xBURNER_0000A1,0xINTER2_0000A1,5602.44,2026-06-01T08:11:00,1000004,0.0
efe238bcad52d5ff,0xBURNER_0000A1,0xINTER2_0000A1,4063.43,2026-06-01T08:11:00,1000004,0.0
8b532a78c556221f,0xBURNER_0000A1,0xINTER2_0000A1,8639.75,2026-06-01T08:11:00,1000004,0.0
eb18cd5800ce2a6f,0xBURNER_0000A1,0xINTER2_0000A1,8876.39,2026-06-01T08:11:00,1000004,0.0
a65f09a4ca088d85,0xBURNER_0000A1,0xINTER2_0000A1,8245.42,2026-06-01T08:11:00,1000004,0.0
25543a54294680be,0xBURNER_H_HOT1,0xINTER2_H_HOT1,7456.98,2026-06-01T08:11:00,1000004,0.0
ff06ded15de04ae7,0xBURNER_H_HOT1,0xINTER2_H_HOT1,3697.64,2026-06-01T08:11:00,1000004,0.0
5efb675995b9addb,0xBURNER_H_HOT1,0xINTER2_H_HOT1,7066.91,2026-06-01T08:11:00,1000004,0.0
91b9a8007445c368,0xBURNER_H_HOT1,0xINTER2_H_HOT1,7370.54,2026-06-01T08:11:00,1000004,0.0
427c6e2c3513358c,0xBURNER_H_HOT1,0xINTER2_H_HOT1,5969.83,2026-06-01T08:11:00,1000004,0.0
ba691e7a06cf2be6,0xINTER1_0000A1,0xINTER3_0000A1,7407.94,2026-06-01T08:25:00,1000009,0.0
925fab907bed24c0,0xINTER1_H_HOT1,0xINTER3_H_HOT1,7398.35,2026-06-01T08:25:00,1000009,0.0
73418449190821a6,0xINTER1_0000A1,0xINTER3_0000A1,6642.01,2026-06-01T08:25:00,1000009,0.0
9a58884df260c74f,0xINTER1_0000A1,0xINTER3_0000A1,4817.42,2026-06-01T08:25:00,1000009,0.0
01f312b7c77b9411,0xINTER1_0000A1,0xINTER3_0000A1,10242.9,2026-06-01T08:25:00,1000009,0.0
90e684e4c6f366f2,0xINTER1_0000A1,0xINTER3_0000A1,10523.45,2026-06-01T08:25:00,1000009,0.0
187ec40899826921,0xINTER1_0000A1,0xINTER3_0000A1,9775.41,2026-06-01T08:25:00,1000009,0.0
8ba68b327fb0792f,0xINTER1_H_HOT1,0xINTER3_H_HOT1,8840.67,2026-06-01T08:25:00,1000009,0.0
e721b7fcd3d3e2cc,0xINTER1_H_HOT1,0xINTER3_H_HOT1,4383.76,2026-06-01T08:25:00,1000009,0.0
8e25a58a58210231,0xINTER1_H_HOT1,0xINTER3_H_HOT1,8378.21,2026-06-01T08:25:00,1000009,0.0
a56d99d1ca799d15,0xINTER1_H_HOT1,0xINTER3_H_HOT1,8738.19,2026-06-01T08:25:00,1000009,0.0
a948cb3e2ab35e8b,0xINTER1_H_HOT1,0xINTER3_H_HOT1,7077.56,2026-06-01T08:25:00,1000009,0.0
4e4ff0b0130851b4,0xINTER3_0000A1,0xEXCHANGE_KRAKENISH_HOT1,7255.2,2026-06-01T08:40:00,1000015,0.0
d6ca55d55bc78a87,0xINTER3_H_HOT1,0xEXCHANGE_KRAKENISH_HOT1,7245.81,2026-06-01T08:40:00,1000015,0.0
2582cdb8a125bb02,0xINTER3_0000A1,0xEXCHANGE_KRAKENISH_HOT1,6505.06,2026-06-01T08:40:00,1000015,0.0
5f3865ee8b5bf406,0xINTER3_0000A1,0xEXCHANGE_KRAKENISH_HOT1,4718.09,2026-06-01T08:40:00,1000015,0.0
0041b9a7db3191d1,0xINTER3_0000A1,0xEXCHANGE_KRAKENISH_HOT1,10031.71,2026-06-01T08:40:00,1000015,0.0
35a1b5dcec75a03d,0xINTER3_0000A1,0xEXCHANGE_KRAKENISH_HOT1,10306.47,2026-06-01T08:40:00,1000015,0.0
b2bcd90649a6855d,0xINTER3_0000A1,0xEXCHANGE_KRAKENISH_HOT1,9573.85,2026-06-01T08:40:00,1000015,0.0
35577493fbb0f188,0xINTER3_H_HOT1,0xEXCHANGE_KRAKENISH_HOT1,8658.39,2026-06-01T08:40:00,1000015,0.0
7168d6f901570c9e,0xINTER3_H_HOT1,0xEXCHANGE_KRAKENISH_HOT1,4293.37,2026-06-01T08:40:00,1000015,0.0
c72876c50d449158,0xINTER3_H_HOT1,0xEXCHANGE_KRAKENISH_HOT1,8205.46,2026-06-01T08:40:00,1000015,0.0
42d3b9a0fa51c8b1,0xINTER3_H_HOT1,0xEXCHANGE_KRAKENISH_HOT1,8558.02,2026-06-01T08:40:00,1000015,0.0
ddd0a8f23e3d1121,0xINTER3_H_HOT1,0xEXCHANGE_KRAKENISH_HOT1,6931.63,2026-06-01T08:40:00,1000015,0.0
0968e6dde5c7637b,0xINTER2_0000A1,0xEXCHANGE_KRAKENISH_HOT1,5998.55,2026-06-01T08:42:00,1000016,0.0
5ce24bcae2627327,0xINTER2_H_HOT1,0xEXCHANGE_KRAKENISH_HOT1,5990.8,2026-06-01T08:42:00,1000016,0.0
dfa61de8b3a7fd13,0xINTER2_0000A1,0xEXCHANGE_KRAKENISH_HOT1,5378.34,2026-06-01T08:42:00,1000016,0.0
829a66a459b5c818,0xINTER2_0000A1,0xEXCHANGE_KRAKENISH_HOT1,3900.89,2026-06-01T08:42:00,1000016,0.0
4daad67f3c6efaca,0xINTER2_0000A1,0xEXCHANGE_KRAKENISH_HOT1,8294.16,2026-06-01T08:42:00,1000016,0.0
33d4c53d951f0e8d,0xINTER2_0000A1,0xEXCHANGE_KRAKENISH_HOT1,8521.33,2026-06-01T08:42:00,1000016,0.0
92c3cabc3e19e170,0xINTER2_0000A1,0xEXCHANGE_KRAKENISH_HOT1,7915.6,2026-06-01T08:42:00,1000016,0.0
02ae6c0cbb3c778a,0xINTER2_H_HOT1,0xEXCHANGE_KRAKENISH_HOT1,7158.7,2026-06-01T08:42:00,1000016,0.0
e509c61dd689c0b7,0xINTER2_H_HOT1,0xEXCHANGE_KRAKENISH_HOT1,3549.73,2026-06-01T08:42:00,1000016,0.0
d8c9b747920e65fe,0xINTER2_H_HOT1,0xEXCHANGE_KRAKENISH_HOT1,6784.23,2026-06-01T08:42:00,1000016,0.0
ba9392e1d0eae12d,0xINTER2_H_HOT1,0xEXCHANGE_KRAKENISH_HOT1,7075.72,2026-06-01T08:42:00,1000016,0.0
ba054203046b990a,0xINTER2_H_HOT1,0xEXCHANGE_KRAKENISH_HOT1,5731.04,2026-06-01T08:42:00,1000016,0.0
b50e66af1145d828,0xVICTIM0000000000000000000000000000A1,0xPEER_0000A1,42.27,2026-06-04T08:00:00,1002000,0.0
cba05c7b2cb488c9,0xEXCHANGE_KRAKENISH_HOT1,0xPEER_H_HOT1,36.64,2026-06-04T08:00:00,1002000,0.0
80d95a3efceec7f3,0xPEER_0000A1,0xPEER_0000A1,19.21,2026-06-04T08:00:00,1002000,0.0
606e932e0028cb11,0xINTER1_0000A1,0xPEER_0000A1,38.7,2026-06-04T08:00:00,1002000,0.0
c372e5454e8ffda0,0xINTER3_0000A1,0xPEER_0000A1,21.5,2026-06-04T08:00:00,1002000,0.0
25eacaaa6d1fbe7d,0xINTER2_0000A1,0xPEER_0000A1,39.35,2026-06-04T08:00:00,1002000,0.0
d2816f638ec7912b,0xBURNER_0000A1,0xPEER_0000A1,30.04,2026-06-04T08:00:00,1002000,0.0
419408c8a2b892ae,0xINTER2_H_HOT1,0xPEER_H_HOT1,26.71,2026-06-04T08:00:00,1002000,0.0
fd6ba9612c04c0c6,0xINTER3_H_HOT1,0xPEER_H_HOT1,23.56,2026-06-04T08:00:00,1002000,0.0
216bfe3dfc485b40,0xPEER_H_HOT1,0xPEER_H_HOT1,15.57,2026-06-04T08:00:00,1002000,0.0
f941bdb65a745c67,0xBURNER_H_HOT1,0xPEER_H_HOT1,33.49,2026-06-04T08:00:00,1002000,0.0
ae2817c22ff3f124,0xINTER1_H_HOT1,0xPEER_H_HOT1,27.57,2026-06-04T08:00:00,1002000,0.0
